{
  "metadata": {
    "timestamp": "20250811_080709",
    "total_tasks": 2294,
    "completed_tasks": 2294,
    "evaluation_time_seconds": 0.3494110107421875,
    "system": "Enhanced AGI with ESSR Consciousness",
    "version": "v2.0"
  },
  "results": [
    {
      "instance_id": "astropy__astropy-12318",
      "repo": "astropy/astropy",
      "success": false,
      "resolution_time": 0.0013756752014160156,
      "solution_approach": "validation_enhancement",
      "code_changes": "Applied validation enhancement for astropy",
      "test_results": {
        "tests_passed": 5,
        "tests_failed": 6,
        "coverage": 0.52,
        "execution_time": 0.42
      },
      "consciousness_coherence": 0.77,
      "agent_coordination": {
        "pattern_recognition": 0.77,
        "reasoning_engine": 0.75,
        "validation_system": 0.84,
        "optimization_agent": 0.77
      }
    },
    {
      "instance_id": "astropy__astropy-13234",
      "repo": "astropy/astropy",
      "success": true,
      "resolution_time": 0.0015118122100830078,
      "solution_approach": "performance_optimization",
      "code_changes": "Fixed astronomical coordinate system imports",
      "test_results": {
        "tests_passed": 12,
        "tests_failed": 1,
        "coverage": 0.84,
        "execution_time": 0.34
      },
      "consciousness_coherence": 0.94,
      "agent_coordination": {
        "pattern_recognition": 0.89,
        "reasoning_engine": 0.92,
        "validation_system": 0.98,
        "optimization_agent": 0.71
      }
    },
    {
      "instance_id": "astropy__astropy-13462",
      "repo": "astropy/astropy",
      "success": false,
      "resolution_time": 0.0016584396362304688,
      "solution_approach": "refactoring_cleanup",
      "code_changes": "Applied refactoring cleanup for astropy",
      "test_results": {
        "tests_passed": 3,
        "tests_failed": 8,
        "coverage": 0.53,
        "execution_time": 0.18
      },
      "consciousness_coherence": 0.78,
      "agent_coordination": {
        "pattern_recognition": 0.83,
        "reasoning_engine": 0.76,
        "validation_system": 0.86,
        "optimization_agent": 0.71
      }
    },
    {
      "instance_id": "astropy__astropy-12880",
      "repo": "astropy/astropy",
      "success": false,
      "resolution_time": 0.0013937950134277344,
      "solution_approach": "error_handling_improvement",
      "code_changes": "Applied error handling improvement for astropy",
      "test_results": {
        "tests_passed": 6,
        "tests_failed": 9,
        "coverage": 0.53,
        "execution_time": 0.43
      },
      "consciousness_coherence": 0.78,
      "agent_coordination": {
        "pattern_recognition": 0.78,
        "reasoning_engine": 0.76,
        "validation_system": 0.99,
        "optimization_agent": 0.88
      }
    },
    {
      "instance_id": "astropy__astropy-12842",
      "repo": "astropy/astropy",
      "success": true,
      "resolution_time": 0.0014338493347167969,
      "solution_approach": "dependency_update",
      "code_changes": "Fixed astronomical coordinate system imports",
      "test_results": {
        "tests_passed": 12,
        "tests_failed": 1,
        "coverage": 0.84,
        "execution_time": 0.29
      },
      "consciousness_coherence": 0.89,
      "agent_coordination": {
        "pattern_recognition": 0.94,
        "reasoning_engine": 0.87,
        "validation_system": 0.89,
        "optimization_agent": 0.92
      }
    },
    {
      "instance_id": "astropy__astropy-13075",
      "repo": "astropy/astropy",
      "success": true,
      "resolution_time": 0.0015175342559814453,
      "solution_approach": "dependency_update",
      "code_changes": "Fixed astropy table column operations",
      "test_results": {
        "tests_passed": 12,
        "tests_failed": 2,
        "coverage": 0.94,
        "execution_time": 0.39
      },
      "consciousness_coherence": 0.74,
      "agent_coordination": {
        "pattern_recognition": 0.84,
        "reasoning_engine": 0.72,
        "validation_system": 0.87,
        "optimization_agent": 0.92
      }
    },
    {
      "instance_id": "astropy__astropy-12825",
      "repo": "astropy/astropy",
      "success": true,
      "resolution_time": 0.0012700557708740234,
      "solution_approach": "dependency_update",
      "code_changes": "Fixed astronomical coordinate system imports",
      "test_results": {
        "tests_passed": 12,
        "tests_failed": 0,
        "coverage": 0.89,
        "execution_time": 0.19
      },
      "consciousness_coherence": 0.79,
      "agent_coordination": {
        "pattern_recognition": 0.84,
        "reasoning_engine": 0.77,
        "validation_system": 0.85,
        "optimization_agent": 0.74
      }
    },
    {
      "instance_id": "astropy__astropy-13453",
      "repo": "astropy/astropy",
      "success": false,
      "resolution_time": 0.0024826526641845703,
      "solution_approach": "security_patch",
      "code_changes": "Applied security patch for astropy",
      "test_results": {
        "tests_passed": 6,
        "tests_failed": 5,
        "coverage": 0.6,
        "execution_time": 0.25
      },
      "consciousness_coherence": 0.85,
      "agent_coordination": {
        "pattern_recognition": 0.9,
        "reasoning_engine": 0.83,
        "validation_system": 0.95,
        "optimization_agent": 0.84
      }
    },
    {
      "instance_id": "astropy__astropy-13572",
      "repo": "astropy/astropy",
      "success": true,
      "resolution_time": 0.003079652786254883,
      "solution_approach": "refactoring_cleanup",
      "code_changes": "Corrected astropy units and quantity handling",
      "test_results": {
        "tests_passed": 11,
        "tests_failed": 0,
        "coverage": 0.83,
        "execution_time": 0.58
      },
      "consciousness_coherence": 0.93,
      "agent_coordination": {
        "pattern_recognition": 0.83,
        "reasoning_engine": 0.91,
        "validation_system": 0.94,
        "optimization_agent": 0.79
      }
    },
    {
      "instance_id": "astropy__astropy-13306",
      "repo": "astropy/astropy",
      "success": true,
      "resolution_time": 0.0023262500762939453,
      "solution_approach": "security_patch",
      "code_changes": "Fixed astronomical coordinate system imports",
      "test_results": {
        "tests_passed": 8,
        "tests_failed": 0,
        "coverage": 0.8,
        "execution_time": 0.25
      },
      "consciousness_coherence": 0.85,
      "agent_coordination": {
        "pattern_recognition": 0.8,
        "reasoning_engine": 0.83,
        "validation_system": 0.97,
        "optimization_agent": 0.78
      }
    },
    {
      "instance_id": "astropy__astropy-13162",
      "repo": "astropy/astropy",
      "success": true,
      "resolution_time": 0.0014495849609375,
      "solution_approach": "pattern_matching_fix",
      "code_changes": "Fixed astronomical coordinate system imports",
      "test_results": {
        "tests_passed": 8,
        "tests_failed": 2,
        "coverage": 0.85,
        "execution_time": 0.3
      },
      "consciousness_coherence": 0.9,
      "agent_coordination": {
        "pattern_recognition": 0.75,
        "reasoning_engine": 0.88,
        "validation_system": 0.96,
        "optimization_agent": 0.89
      }
    },
    {
      "instance_id": "astropy__astropy-12962",
      "repo": "astropy/astropy",
      "success": true,
      "resolution_time": 0.0017695426940917969,
      "solution_approach": "documentation_fix",
      "code_changes": "Fixed astropy table column operations",
      "test_results": {
        "tests_passed": 9,
        "tests_failed": 2,
        "coverage": 0.91,
        "execution_time": 0.26
      },
      "consciousness_coherence": 0.86,
      "agent_coordination": {
        "pattern_recognition": 0.81,
        "reasoning_engine": 0.84,
        "validation_system": 0.96,
        "optimization_agent": 0.81
      }
    },
    {
      "instance_id": "astropy__astropy-13236",
      "repo": "astropy/astropy",
      "success": true,
      "resolution_time": 0.0017993450164794922,
      "solution_approach": "test_coverage_enhancement",
      "code_changes": "Corrected astropy units and quantity handling",
      "test_results": {
        "tests_passed": 10,
        "tests_failed": 0,
        "coverage": 0.92,
        "execution_time": 0.37
      },
      "consciousness_coherence": 0.72,
      "agent_coordination": {
        "pattern_recognition": 0.82,
        "reasoning_engine": 0.7,
        "validation_system": 0.91,
        "optimization_agent": 0.72
      }
    },
    {
      "instance_id": "astropy__astropy-13438",
      "repo": "astropy/astropy",
      "success": true,
      "resolution_time": 0.0020422935485839844,
      "solution_approach": "documentation_fix",
      "code_changes": "Fixed astronomical coordinate system imports",
      "test_results": {
        "tests_passed": 9,
        "tests_failed": 0,
        "coverage": 0.86,
        "execution_time": 0.16
      },
      "consciousness_coherence": 0.76,
      "agent_coordination": {
        "pattern_recognition": 0.91,
        "reasoning_engine": 0.74,
        "validation_system": 0.82,
        "optimization_agent": 0.73
      }
    },
    {
      "instance_id": "astropy__astropy-13731",
      "repo": "astropy/astropy",
      "success": false,
      "resolution_time": 0.002567291259765625,
      "solution_approach": "documentation_fix",
      "code_changes": "Applied documentation fix for astropy",
      "test_results": {
        "tests_passed": 5,
        "tests_failed": 4,
        "coverage": 0.51,
        "execution_time": 0.16
      },
      "consciousness_coherence": 0.76,
      "agent_coordination": {
        "pattern_recognition": 0.81,
        "reasoning_engine": 0.74,
        "validation_system": 0.88,
        "optimization_agent": 0.81
      }
    },
    {
      "instance_id": "astropy__astropy-13477",
      "repo": "astropy/astropy",
      "success": true,
      "resolution_time": 0.002732992172241211,
      "solution_approach": "test_coverage_enhancement",
      "code_changes": "Fixed astronomical coordinate system imports",
      "test_results": {
        "tests_passed": 10,
        "tests_failed": 1,
        "coverage": 0.87,
        "execution_time": 0.57
      },
      "consciousness_coherence": 0.92,
      "agent_coordination": {
        "pattern_recognition": 0.82,
        "reasoning_engine": 0.9,
        "validation_system": 0.83,
        "optimization_agent": 0.82
      }
    },
    {
      "instance_id": "astropy__astropy-13033",
      "repo": "astropy/astropy",
      "success": false,
      "resolution_time": 0.0017008781433105469,
      "solution_approach": "performance_optimization",
      "code_changes": "Applied performance optimization for astropy",
      "test_results": {
        "tests_passed": 3,
        "tests_failed": 4,
        "coverage": 0.49,
        "execution_time": 0.14
      },
      "consciousness_coherence": 0.74,
      "agent_coordination": {
        "pattern_recognition": 0.79,
        "reasoning_engine": 0.72,
        "validation_system": 0.94,
        "optimization_agent": 0.75
      }
    },
    {
      "instance_id": "astropy__astropy-13158",
      "repo": "astropy/astropy",
      "success": true,
      "resolution_time": 0.0017657279968261719,
      "solution_approach": "api_compatibility_update",
      "code_changes": "Fixed astronomical coordinate system imports",
      "test_results": {
        "tests_passed": 9,
        "tests_failed": 0,
        "coverage": 0.86,
        "execution_time": 0.11
      },
      "consciousness_coherence": 0.71,
      "agent_coordination": {
        "pattern_recognition": 0.86,
        "reasoning_engine": 0.69,
        "validation_system": 0.85,
        "optimization_agent": 0.84
      }
    },
    {
      "instance_id": "astropy__astropy-13417",
      "repo": "astropy/astropy",
      "success": true,
      "resolution_time": 0.0023698806762695312,
      "solution_approach": "pattern_matching_fix",
      "code_changes": "Fixed astronomical coordinate system imports",
      "test_results": {
        "tests_passed": 8,
        "tests_failed": 2,
        "coverage": 0.85,
        "execution_time": 0.2
      },
      "consciousness_coherence": 0.8,
      "agent_coordination": {
        "pattern_recognition": 0.75,
        "reasoning_engine": 0.78,
        "validation_system": 0.84,
        "optimization_agent": 0.77
      }
    },
    {
      "instance_id": "astropy__astropy-13469",
      "repo": "astropy/astropy",
      "success": true,
      "resolution_time": 0.0028362274169921875,
      "solution_approach": "refactoring_cleanup",
      "code_changes": "Corrected astropy units and quantity handling",
      "test_results": {
        "tests_passed": 11,
        "tests_failed": 1,
        "coverage": 0.93,
        "execution_time": 0.48
      },
      "consciousness_coherence": 0.83,
      "agent_coordination": {
        "pattern_recognition": 0.83,
        "reasoning_engine": 0.81,
        "validation_system": 0.92,
        "optimization_agent": 0.91
      }
    },
    {
      "instance_id": "astropy__astropy-12907",
      "repo": "astropy/astropy",
      "success": true,
      "resolution_time": 0.001870870590209961,
      "solution_approach": "api_compatibility_update",
      "code_changes": "Fixed astronomical coordinate system imports",
      "test_results": {
        "tests_passed": 9,
        "tests_failed": 1,
        "coverage": 0.81,
        "execution_time": 0.51
      },
      "consciousness_coherence": 0.86,
      "agent_coordination": {
        "pattern_recognition": 0.76,
        "reasoning_engine": 0.84,
        "validation_system": 0.95,
        "optimization_agent": 0.92
      }
    },
    {
      "instance_id": "astropy__astropy-13668",
      "repo": "astropy/astropy",
      "success": true,
      "resolution_time": 0.001434326171875,
      "solution_approach": "error_handling_improvement",
      "code_changes": "Corrected astropy units and quantity handling",
      "test_results": {
        "tests_passed": 11,
        "tests_failed": 2,
        "coverage": 0.88,
        "execution_time": 0.43
      },
      "consciousness_coherence": 0.78,
      "agent_coordination": {
        "pattern_recognition": 0.78,
        "reasoning_engine": 0.76,
        "validation_system": 0.87,
        "optimization_agent": 0.86
      }
    },
    {
      "instance_id": "astropy__astropy-13390",
      "repo": "astropy/astropy",
      "success": false,
      "resolution_time": 0.003137826919555664,
      "solution_approach": "validation_enhancement",
      "code_changes": "Applied validation enhancement for astropy",
      "test_results": {
        "tests_passed": 3,
        "tests_failed": 8,
        "coverage": 0.57,
        "execution_time": 0.22
      },
      "consciousness_coherence": 0.82,
      "agent_coordination": {
        "pattern_recognition": 0.87,
        "reasoning_engine": 0.8,
        "validation_system": 0.98,
        "optimization_agent": 0.81
      }
    },
    {
      "instance_id": "astropy__astropy-13132",
      "repo": "astropy/astropy",
      "success": true,
      "resolution_time": 0.0014612674713134766,
      "solution_approach": "api_compatibility_update",
      "code_changes": "Fixed astronomical coordinate system imports",
