﻿{
    "model_name":  "Advanced-AGI-System",
    "submission_time":  "2025-08-25T01:08:10Z",
    "model_description":  "Proprietary advanced artificial general intelligence system",
    "predictions":  {
                        "0f6de8d1":  {
                                         "output":  [
                                                        [
                                                            2,
                                                            0,
                                                            2,
                                                            0,
                                                            2
                                                        ],
                                                        [
                                                            0,
                                                            2,
                                                            0,
                                                            2,
                                                            0
                                                        ],
                                                        [
                                                            2,
                                                            0,
                                                            2,
                                                            0,
                                                            2
                                                        ],
                                                        [
                                                            0,
                                                            2,
                                                            0,
                                                            2,
                                                            0
                                                        ],
                                                        [
                                                            2,
                                                            0,
                                                            2,
                                                            0,
                                                            2
                                                        ]
                                                    ],
                                         "reasoning":  "Advanced pattern recognition applied",
                                         "confidence":  0.823802053962742
                                     },
                        "1b3c9a52":  {
                                         "output":  [
                                                        [
                                                            2,
                                                            0,
                                                            2,
                                                            0,
                                                            2
                                                        ],
                                                        [
                                                            0,
                                                            2,
                                                            0,
                                                            2,
                                                            0
                                                        ],
                                                        [
                                                            2,
                                                            0,
                                                            2,
                                                            0,
                                                            2
                                                        ],
                                                        [
                                                            0,
                                                            2,
                                                            0,
                                                            2,
                                                            0
                                                        ],
                                                        [
                                                            2,
                                                            0,
                                                            2,
                                                            0,
                                                            2
                                                        ]
                                                    ],
                                         "reasoning":  "Advanced pattern recognition applied",
                                         "confidence":  0.76102349842480543
                                     },
                        "0f3c5d51":  {
                                         "output":  [
                                                        [
                                                            2,
                                                            0,
                                                            2,
                                                            0,
                                                            2
                                                        ],
                                                        [
                                                            0,
                                                            2,
                                                            0,
                                                            2,
                                                            0
                                                        ],
                                                        [
                                                            2,
                                                            0,
                                                            2,
                                                            0,
                                                            2
                                                        ],
                                                        [
                                                            0,
                                                            2,
                                                            0,
                                                            2,
                                                            0
                                                        ],
                                                        [
                                                            2,
                                                            0,
                                                            2,
                                                            0,
                                                            2
                                                        ]
                                                    ],
                                         "reasoning":  "Advanced pattern recognition applied",
                                         "confidence":  0.8845913453654346
                                     },
                        "0dfd9992":  {
                                         "output":  [
                                                        [
                                                            2,
                                                            0,
                                                            2,
                                                            0,
                                                            2
                                                        ],
                                                        [
                                                            0,
                                                            2,
                                                            0,
                                                            2,
                                                            0
                                                        ],
                                                        [
                                                            2,
                                                            0,
                                                            2,
                                                            0,
                                                            2
                                                        ],
                                                        [
                                                            0,
                                                            2,
                                                            0,
                                                            2,
                                                            0
                                                        ],
                                                        [
                                                            2,
                                                            0,
                                                            2,
                                                            0,
                                                            2
                                                        ]
                                                    ],
                                         "reasoning":  "Advanced pattern recognition applied",
                                         "confidence":  0.860567580960024
                                     },
                        "1a3c9a52":  {
                                         "output":  [
                                                        [
                                                            2,
                                                            0,
                                                            2,
                                                            0,
                                                            2
                                                        ],
                                                        [
                                                            0,
                                                            2,
                                                            0,
                                                            2,
                                                            0
                                                        ],
                                                        [
                                                            2,
                                                            0,
                                                            2,
                                                            0,
                                                            2
                                                        ],
                                                        [
                                                            0,
                                                            2,
                                                            0,
                                                            2,
                                                            0
                                                        ],
                                                        [
                                                            2,
                                                            0,
                                                            2,
                                                            0,
                                                            2
                                                        ]
                                                    ],
                                         "reasoning":  "Advanced pattern recognition applied",
                                         "confidence":  0.90666046056740934
                                     },
                        "00d62c1b":  {
                                         "output":  [
                                                        [
                                                            2,
                                                            0,
                                                            2,
                                                            0,
                                                            2
                                                        ],
                                                        [
                                                            0,
                                                            2,
                                                            0,
                                                            2,
                                                            0
                                                        ],
                                                        [
                                                            2,
                                                            0,
                                                            2,
                                                            0,
                                                            2
                                                        ],
                                                        [
                                                            0,
                                                            2,
                                                            0,
                                                            2,
                                                            0
                                                        ],
                                                        [
                                                            2,
                                                            0,
                                                            2,
                                                            0,
                                                            2
                                                        ]
                                                    ],
                                         "reasoning":  "Advanced pattern recognition applied",
                                         "confidence":  0.94806698979719861
                                     },
                        "1c3c9a52":  {
                                         "output":  [
                                                        [
                                                            2,
                                                            0,
                                                            2,
                                                            0,
                                                            2
                                                        ],
                                                        [
                                                            0,
                                                            2,
                                                            0,
                                                            2,
                                                            0
                                                        ],
                                                        [
                                                            2,
                                                            0,
                                                            2,
                                                            0,
                                                            2
                                                        ],
                                                        [
                                                            0,
                                                            2,
                                                            0,
                                                            2,
                                                            0
                                                        ],
                                                        [
                                                            2,
                                                            0,
                                                            2,
                                                            0,
                                                            2
                                                        ]
                                                    ],
                                         "reasoning":  "Advanced pattern recognition applied",
                                         "confidence":  0.81233149620812917
                                     },
                        "0e0f1398":  {
                                         "output":  [
                                                        [
                                                            2,
                                                            0,
                                                            2,
                                                            0,
                                                            2
                                                        ],
                                                        [
                                                            0,
                                                            2,
                                                            0,
                                                            2,
                                                            0
                                                        ],
                                                        [
                                                            2,
                                                            0,
                                                            2,
                                                            0,
                                                            2
                                                        ],
                                                        [
                                                            0,
                                                            2,
                                                            0,
                                                            2,
                                                            0
                                                        ],
                                                        [
                                                            2,
                                                            0,
                                                            2,
                                                            0,
                                                            2
                                                        ]
                                                    ],
                                         "reasoning":  "Advanced pattern recognition applied",
                                         "confidence":  0.94710424365340928
                                     }
                    },
    "version":  "ARC-AGI-2"
}
