{
  "id": "all_engines",
  "name": "Complete HAP AGI Engine Suite",
  "version": "1.0.0",
  "description": "Complete set of all HAP AGI engines, both core and specialized.",
  "created": "2025-04-27T05:26:04.907695",
  "engines": [
    "financial_market_analyzer",
    "harmonic_consciousness_engine",
    "sentinel_memory_graph",
    "pattern_abstractor",
    "harmonic_rag_engine",
    "harmonic_legal_engine",
    "harmonic_multimodal_engine",
    "harmonic_scientific_engine",
    "harmonic_reasoning_engine"
  ],
  "files": [
    "harmonic_consciousness_engine.py",
    "harmonic_rag_engine.py",
    "base_engine.py",
    "pattern_abstractor.py",
    "sentinel_memory_graph.py",
    "harmonic_algebraic_probability.py",
    "harmonic_scientific_engine.py",
    "financial_market_analyzer.py",
    "harmonic_reasoning_engine.py",
    "harmonic_multimodal_engine.py",
    "harmonic_legal_engine.py"
  ]
}